Team,Accuracy
Team4,51.3792142658122
TeamXX,46.97687378099749
Team8,46.97687378099749
باقي team 1,24.407913067706883
